Group,Flux,Uncert,Experiment,Sample,Loc,Power
thermal,1.108E+15,1.7,CTR-30,A,PTP,100.0
epithermal,8.9315E+14,1.52,CTR-30,A,PTP,100.0
fast,8.2758E+14,1.5,CTR-30,A,PTP,100.0
fast_2,4.2545E+14,1.51,CTR-30,A,PTP,100.0
thermal,1.3995E+15,2.65,CTR-30,B,PTP,100.0
epithermal,1.1236E+15,2.41,CTR-30,B,PTP,100.0
fast,1.0399E+15,2.38,CTR-30,B,PTP,100.0
fast_2,5.3432E+14,2.38,CTR-30,B,PTP,100.0
thermal,1.6364E+15,1.66,CTR-30,C,PTP,100.0
epithermal,1.2912E+15,1.51,CTR-30,C,PTP,100.0
fast,1.1882E+15,1.49,CTR-30,C,PTP,100.0
fast_2,6.1E+14,1.5,CTR-30,C,PTP,100.0
thermal,1.8118E+15,2.58,CTR-30,D,PTP,100.0
epithermal,1.4287E+15,2.39,CTR-30,D,PTP,100.0
fast,1.3144E+15,2.37,CTR-30,D,PTP,100.0
fast_2,6.7472E+14,2.38,CTR-30,D,PTP,100.0
thermal,1.9251E+15,1.65,CTR-30,E,PTP,100.0
epithermal,1.6262E+15,1.52,CTR-30,E,PTP,100.0
fast,1.5035E+15,1.49,CTR-30,E,PTP,100.0
fast_2,7.7093E+14,1.5,CTR-30,E,PTP,100.0
thermal,1.9365E+15,2.57,CTR-30,F,PTP,100.0
epithermal,1.6258E+15,2.4,CTR-30,F,PTP,100.0
fast,1.5055E+15,2.39,CTR-30,F,PTP,100.0
fast_2,7.7024E+14,2.39,CTR-30,F,PTP,100.0
thermal,1.9384E+15,1.66,CTR-30,G,PTP,100.0
epithermal,1.6245E+15,1.52,CTR-30,G,PTP,100.0
fast,1.5038E+15,1.5,CTR-30,G,PTP,100.0
fast_2,7.6927E+14,1.51,CTR-30,G,PTP,100.0
thermal,1.8289E+15,2.59,CTR-30,H,PTP,100.0
epithermal,1.4529E+15,2.4,CTR-30,H,PTP,100.0
fast,1.3439E+15,2.37,CTR-30,H,PTP,100.0
fast_2,6.8981E+14,2.37,CTR-30,H,PTP,100.0
thermal,1.6294E+15,1.67,CTR-30,I,PTP,100.0
epithermal,1.3396E+15,1.51,CTR-30,I,PTP,100.0
fast,1.243E+15,1.5,CTR-30,I,PTP,100.0
fast_2,6.3804E+14,1.5,CTR-30,I,PTP,100.0
thermal,1.1959E+15,1.76,CTR-30,J,PTP,100.0
epithermal,8.3327E+14,1.56,CTR-30,J,PTP,100.0
fast,7.7521E+14,1.53,CTR-30,J,PTP,100.0
fast_2,3.9988E+14,1.54,CTR-30,J,PTP,100.0
thermal,9.4115E+14,2.78,CTR-30,K,PTP,100.0
epithermal,6.4733E+14,2.45,CTR-30,K,PTP,100.0
fast,6.0096E+14,2.42,CTR-30,K,PTP,100.0
fast_2,3.0972E+14,2.43,CTR-30,K,PTP,100.0
thermal,1.0591E+15,1.46,CTR-31,A,PTP,100.0
epithermal,8.5189E+14,1.4,CTR-31,A,PTP,100.0
fast,7.8866E+14,1.38,CTR-31,A,PTP,100.0
fast_2,4.0523E+14,1.39,CTR-31,A,PTP,100.0
thermal,1.6288E+15,1.4,CTR-31,B,PTP,100.0
epithermal,1.2928E+15,1.36,CTR-31,B,PTP,100.0
fast,1.1901E+15,1.34,CTR-31,B,PTP,100.0
fast_2,6.1101E+14,1.35,CTR-31,B,PTP,100.0
thermal,1.9695E+15,1.44,CTR-31,C,PTP,100.0
epithermal,1.6472E+15,1.36,CTR-31,C,PTP,100.0
fast,1.5247E+15,1.35,CTR-31,C,PTP,100.0
fast_2,7.7994E+14,1.36,CTR-31,C,PTP,100.0
thermal,2.1492E+15,1.88,CTR-31,D,PTP,100.0
epithermal,1.8096E+15,1.77,CTR-31,D,PTP,100.0
fast,1.6765E+15,1.77,CTR-31,D,PTP,100.0
fast_2,8.5789E+14,1.79,CTR-31,D,PTP,100.0
thermal,1.9445E+15,1.42,CTR-31,E,PTP,100.0
epithermal,1.6361E+15,1.36,CTR-31,E,PTP,100.0
fast,1.5149E+15,1.35,CTR-31,E,PTP,100.0
fast_2,7.7488E+14,1.36,CTR-31,E,PTP,100.0
thermal,1.6409E+15,1.44,CTR-31,F,PTP,100.0
epithermal,1.3436E+15,1.39,CTR-31,F,PTP,100.0
fast,1.2445E+15,1.37,CTR-31,F,PTP,100.0
fast_2,6.3801E+14,1.38,CTR-31,F,PTP,100.0
thermal,1.2351E+15,1.5,CTR-31,G,PTP,100.0
epithermal,8.5742E+14,1.45,CTR-31,G,PTP,100.0
fast,7.969E+14,1.43,CTR-31,G,PTP,100.0
fast_2,4.1079E+14,1.44,CTR-31,G,PTP,100.0
thermal,1.1651E+15,1.47,CTR-32,A,PTP,100.0
epithermal,9.3333E+14,1.44,CTR-32,A,PTP,100.0
fast,8.6389E+14,1.43,CTR-32,A,PTP,100.0
fast_2,4.4374E+14,1.45,CTR-32,A,PTP,100.0
thermal,1.2887E+15,2.41,CTR-32,B,PTP,100.0
epithermal,1.0379E+15,2.24,CTR-32,B,PTP,100.0
fast,9.6137E+14,2.21,CTR-32,B,PTP,100.0
fast_2,4.9427E+14,2.21,CTR-32,B,PTP,100.0
thermal,1.6369E+15,1.37,CTR-32,C,PTP,100.0
epithermal,1.3093E+15,1.34,CTR-32,C,PTP,100.0
fast,1.2068E+15,1.33,CTR-32,C,PTP,100.0
fast_2,6.2011E+14,1.34,CTR-32,C,PTP,100.0
thermal,1.7938E+15,2.07,CTR-32,D,PTP,100.0
epithermal,1.4145E+15,1.99,CTR-32,D,PTP,100.0
fast,1.3014E+15,2,CTR-32,D,PTP,100.0
fast_2,6.6803E+14,2.02,CTR-32,D,PTP,100.0
thermal,1.9623E+15,1.41,CTR-32,E,PTP,100.0
epithermal,1.6473E+15,1.37,CTR-32,E,PTP,100.0
fast,1.5219E+15,1.35,CTR-32,E,PTP,100.0
fast_2,7.7991E+14,1.35,CTR-32,E,PTP,100.0
thermal,1.8679E+15,2.57,CTR-32,F,PTP,100.0
epithermal,1.5682E+15,2.4,CTR-32,F,PTP,100.0
fast,1.4521E+15,2.39,CTR-32,F,PTP,100.0
fast_2,7.4294E+14,2.39,CTR-32,F,PTP,100.0
thermal,1.9679E+15,1.43,CTR-32,G,PTP,100.0
epithermal,1.6378E+15,1.37,CTR-32,G,PTP,100.0
fast,1.5148E+15,1.36,CTR-32,G,PTP,100.0
fast_2,7.744E+14,1.36,CTR-32,G,PTP,100.0
thermal,1.7124E+15,2.36,CTR-32,H,PTP,100.0
epithermal,1.3635E+15,2.22,CTR-32,H,PTP,100.0
fast,1.2617E+15,2.2,CTR-32,H,PTP,100.0
fast_2,6.4794E+14,2.2,CTR-32,H,PTP,100.0
thermal,1.6581E+15,1.43,CTR-32,I,PTP,100.0
epithermal,1.3592E+15,1.38,CTR-32,I,PTP,100.0
fast,1.2592E+15,1.37,CTR-32,I,PTP,100.0
fast_2,6.457E+14,1.38,CTR-32,I,PTP,100.0
thermal,1.3465E+15,2.64,CTR-32,J,PTP,100.0
epithermal,1.0959E+15,2.42,CTR-32,J,PTP,100.0
fast,1.0145E+15,2.4,CTR-32,J,PTP,100.0
fast_2,5.2017E+14,2.4,CTR-32,J,PTP,100.0
thermal,1.1864E+15,1.49,CTR-32,K,PTP,100.0
epithermal,8.2091E+14,1.45,CTR-32,K,PTP,100.0
fast,7.6287E+14,1.43,CTR-32,K,PTP,100.0
fast_2,3.9329E+14,1.44,CTR-32,K,PTP,100.0
thermal,9.6965E+14,2.14,CTR-32,L,PTP,100.0
epithermal,6.6693E+14,2.02,CTR-32,L,PTP,100.0
fast,6.1916E+14,2.03,CTR-32,L,PTP,100.0
fast_2,3.191E+14,2.06,CTR-32,L,PTP,100.0
thermal,1.251E+15,1.61,CTR-34,A,PTP,100.0
epithermal,1.0064E+15,1.59,CTR-34,A,PTP,100.0
fast,9.3174E+14,1.56,CTR-34,A,PTP,100.0
fast_2,4.7882E+14,1.57,CTR-34,A,PTP,100.0
thermal,1.6217E+15,1.76,CTR-34,B,PTP,100.0
epithermal,1.2823E+15,1.81,CTR-34,B,PTP,100.0
fast,1.1799E+15,1.81,CTR-34,B,PTP,100.0
fast_2,6.0565E+14,1.83,CTR-34,B,PTP,100.0
thermal,1.8442E+15,1.6,CTR-34,C,PTP,100.0
epithermal,1.5503E+15,1.58,CTR-34,C,PTP,100.0
fast,1.4325E+15,1.55,CTR-34,C,PTP,100.0
fast_2,7.3426E+14,1.55,CTR-34,C,PTP,100.0
thermal,1.8364E+15,3.13,CTR-34,D,PTP,100.0
epithermal,1.5417E+15,2.99,CTR-34,D,PTP,100.0
fast,1.4276E+15,2.99,CTR-34,D,PTP,100.0
fast_2,7.3041E+14,3,CTR-34,D,PTP,100.0
thermal,1.8849E+15,1.6,CTR-34,E,PTP,100.0
epithermal,1.5785E+15,1.57,CTR-34,E,PTP,100.0
fast,1.4612E+15,1.55,CTR-34,E,PTP,100.0
fast_2,7.4751E+14,1.55,CTR-34,E,PTP,100.0
thermal,1.7117E+15,1.58,CTR-34,F,PTP,100.0
epithermal,1.3673E+15,1.56,CTR-34,F,PTP,100.0
fast,1.2654E+15,1.54,CTR-34,F,PTP,100.0
fast_2,6.4988E+14,1.54,CTR-34,F,PTP,100.0
thermal,1.4244E+15,1.64,CTR-34,G,PTP,100.0
epithermal,1.1535E+15,1.6,CTR-34,G,PTP,100.0
fast,1.0672E+15,1.58,CTR-34,G,PTP,100.0
fast_2,5.4697E+14,1.58,CTR-34,G,PTP,100.0
thermal,1.0673E+15,1.67,CTR-34,H,PTP,100.0
epithermal,7.4009E+14,1.65,CTR-34,H,PTP,100.0
fast,6.8779E+14,1.61,CTR-34,H,PTP,100.0
fast_2,3.5477E+14,1.62,CTR-34,H,PTP,100.0
thermal,1.2571E+15,1.72,CTR-35,A,PTP,100.0
epithermal,1.0045E+15,1.71,CTR-35,A,PTP,100.0
fast,9.2926E+14,1.7,CTR-35,A,PTP,100.0
fast_2,4.7732E+14,1.71,CTR-35,A,PTP,100.0
thermal,1.5987E+15,1.66,CTR-35,B,PTP,100.0
epithermal,1.2627E+15,1.67,CTR-35,B,PTP,100.0
fast,1.162E+15,1.65,CTR-35,B,PTP,100.0
fast_2,5.9663E+14,1.66,CTR-35,B,PTP,100.0
thermal,1.8501E+15,1.67,CTR-35,C,PTP,100.0
epithermal,1.5586E+15,1.67,CTR-35,C,PTP,100.0
fast,1.4405E+15,1.65,CTR-35,C,PTP,100.0
fast_2,7.3843E+14,1.66,CTR-35,C,PTP,100.0
thermal,1.8419E+15,1.8,CTR-35,D,PTP,100.0
epithermal,1.5464E+15,1.84,CTR-35,D,PTP,100.0
fast,1.4319E+15,1.84,CTR-35,D,PTP,100.0
fast_2,7.3263E+14,1.85,CTR-35,D,PTP,100.0
thermal,1.7797E+15,1.67,CTR-35,E,PTP,100.0
epithermal,1.4132E+15,1.67,CTR-35,E,PTP,100.0
fast,1.307E+15,1.65,CTR-35,E,PTP,100.0
fast_2,6.7085E+14,1.66,CTR-35,E,PTP,100.0
thermal,1.4281E+15,1.7,CTR-35,F,PTP,100.0
epithermal,1.1597E+15,1.7,CTR-35,F,PTP,100.0
fast,1.0735E+15,1.68,CTR-35,F,PTP,100.0
fast_2,5.5038E+14,1.69,CTR-35,F,PTP,100.0
thermal,1.0713E+15,1.71,CTR-35,G,PTP,100.0
epithermal,7.425E+14,1.75,CTR-35,G,PTP,100.0
fast,6.9011E+14,1.72,CTR-35,G,PTP,100.0
fast_2,3.5601E+14,1.73,CTR-35,G,PTP,100.0
thermal,1.1962E+15,2.25,CTR-36,A,PTP,100.0
epithermal,9.6136E+14,2.11,CTR-36,A,PTP,100.0
fast,8.897E+14,2.08,CTR-36,A,PTP,100.0
fast_2,4.5707E+14,2.08,CTR-36,A,PTP,100.0
thermal,1.7826E+15,2.18,CTR-36,B,PTP,100.0
epithermal,1.4104E+15,2.07,CTR-36,B,PTP,100.0
fast,1.2975E+15,2.05,CTR-36,B,PTP,100.0
fast_2,6.66E+14,2.05,CTR-36,B,PTP,100.0
thermal,1.886E+15,2.2,CTR-36,C,PTP,100.0
epithermal,1.5839E+15,2.09,CTR-36,C,PTP,100.0
fast,1.4665E+15,2.07,CTR-36,C,PTP,100.0
fast_2,7.5026E+14,2.07,CTR-36,C,PTP,100.0
thermal,1.7074E+15,2.18,CTR-36,D,PTP,100.0
epithermal,1.3614E+15,2.07,CTR-36,D,PTP,100.0
fast,1.2594E+15,2.04,CTR-36,D,PTP,100.0
fast_2,6.4653E+14,2.04,CTR-36,D,PTP,100.0
thermal,1.2315E+15,2.26,CTR-36,E,PTP,100.0
epithermal,8.5905E+14,2.09,CTR-36,E,PTP,100.0
fast,7.9845E+14,2.06,CTR-36,E,PTP,100.0
fast_2,4.1184E+14,2.06,CTR-36,E,PTP,100.0
thermal,1.9802E+15,2.4,CTR-39,A,PTP,100.0
epithermal,1.6722E+15,2.31,CTR-39,A,PTP,100.0
fast,1.546E+15,2.29,CTR-39,A,PTP,100.0
fast_2,7.927E+14,2.3,CTR-39,A,PTP,100.0
thermal,1.7871E+15,2.4,CTR-39,B,PTP,100.0
epithermal,1.4098E+15,2.3,CTR-39,B,PTP,100.0
fast,1.297E+15,2.29,CTR-39,B,PTP,100.0
fast_2,6.6575E+14,2.3,CTR-39,B,PTP,100.0
thermal,1.2478E+15,2.44,CTR-39,C,PTP,100.0
epithermal,1.0016E+15,2.32,CTR-39,C,PTP,100.0
fast,9.2702E+14,2.3,CTR-39,C,PTP,100.0
fast_2,4.7629E+14,2.31,CTR-39,C,PTP,100.0
thermal,1.1701E+15,2.39,CTR-40,A,PTP,100.0
epithermal,9.4178E+14,2.28,CTR-40,A,PTP,100.0
fast,8.7192E+14,2.27,CTR-40,A,PTP,100.0
fast_2,4.4807E+14,2.28,CTR-40,A,PTP,100.0
thermal,1.7445E+15,2.4,CTR-40,B,PTP,100.0
epithermal,1.3768E+15,2.31,CTR-40,B,PTP,100.0
fast,1.2668E+15,2.29,CTR-40,B,PTP,100.0
fast_2,6.5029E+14,2.3,CTR-40,B,PTP,100.0
thermal,2.0129E+15,2.38,CTR-40,C,PTP,100.0
epithermal,1.7007E+15,2.29,CTR-40,C,PTP,100.0
fast,1.5724E+15,2.28,CTR-40,C,PTP,100.0
fast_2,8.0625E+14,2.28,CTR-40,C,PTP,100.0
thermal,1.9264E+15,2.4,CTR-40,D,PTP,100.0
epithermal,1.6154E+15,2.31,CTR-40,D,PTP,100.0
fast,1.4956E+15,2.3,CTR-40,D,PTP,100.0
fast_2,7.6512E+14,2.31,CTR-40,D,PTP,100.0
thermal,1.6805E+15,2.39,CTR-40,E,PTP,100.0
epithermal,1.336E+15,2.3,CTR-40,E,PTP,100.0
fast,1.2357E+15,2.29,CTR-40,E,PTP,100.0
fast_2,6.3431E+14,2.29,CTR-40,E,PTP,100.0
thermal,1.2045E+15,2.51,CTR-40,F,PTP,100.0
epithermal,8.3102E+14,2.36,CTR-40,F,PTP,100.0
fast,7.7183E+14,2.33,CTR-40,F,PTP,100.0
fast_2,3.9794E+14,2.35,CTR-40,F,PTP,100.0
thermal,1.1701E+15,2.39,CTR-41,A,PTP,100.0
epithermal,9.4178E+14,2.28,CTR-41,A,PTP,100.0
fast,8.7192E+14,2.27,CTR-41,A,PTP,100.0
fast_2,4.4807E+14,2.28,CTR-41,A,PTP,100.0
thermal,1.7445E+15,2.4,CTR-41,B,PTP,100.0
epithermal,1.3768E+15,2.31,CTR-41,B,PTP,100.0
fast,1.2668E+15,2.29,CTR-41,B,PTP,100.0
fast_2,6.5029E+14,2.3,CTR-41,B,PTP,100.0
thermal,2.0129E+15,2.38,CTR-41,C,PTP,100.0
epithermal,1.7007E+15,2.29,CTR-41,C,PTP,100.0
fast,1.5724E+15,2.28,CTR-41,C,PTP,100.0
fast_2,8.0625E+14,2.28,CTR-41,C,PTP,100.0
thermal,1.9264E+15,2.4,CTR-41,D,PTP,100.0
epithermal,1.6154E+15,2.31,CTR-41,D,PTP,100.0
fast,1.4956E+15,2.3,CTR-41,D,PTP,100.0
fast_2,7.6512E+14,2.31,CTR-41,D,PTP,100.0
thermal,1.6805E+15,2.39,CTR-41,E,PTP,100.0
epithermal,1.336E+15,2.3,CTR-41,E,PTP,100.0
fast,1.2357E+15,2.29,CTR-41,E,PTP,100.0
fast_2,6.3431E+14,2.29,CTR-41,E,PTP,100.0
thermal,1.2045E+15,2.51,CTR-41,F,PTP,100.0
epithermal,8.3102E+14,2.36,CTR-41,F,PTP,100.0
fast,7.7183E+14,2.33,CTR-41,F,PTP,100.0
fast_2,3.9794E+14,2.35,CTR-41,F,PTP,100.0
thermal,1.2132E+15,2.43,CTR-42-43,A,PTP,100.0
epithermal,9.7415E+14,2.32,CTR-42-43,A,PTP,100.0
fast,9.0167E+14,2.3,CTR-42-43,A,PTP,100.0
fast_2,4.6329E+14,2.31,CTR-42-43,A,PTP,100.0
thermal,1.462E+15,2.43,CTR-42-43,B,PTP,100.0
epithermal,1.1749E+15,2.32,CTR-42-43,B,PTP,100.0
fast,1.0876E+15,2.3,CTR-42-43,B,PTP,100.0
fast_2,5.5889E+14,2.31,CTR-42-43,B,PTP,100.0
thermal,1.7408E+15,2.39,CTR-42-43,C,PTP,100.0
epithermal,1.3734E+15,2.3,CTR-42-43,C,PTP,100.0
fast,1.2636E+15,2.28,CTR-42-43,C,PTP,100.0
fast_2,6.4862E+14,2.29,CTR-42-43,C,PTP,100.0
thermal,1.8207E+15,2.38,CTR-42-43,D,PTP,100.0
epithermal,1.5391E+15,2.3,CTR-42-43,D,PTP,100.0
fast,1.4231E+15,2.28,CTR-42-43,D,PTP,100.0
fast_2,7.2972E+14,2.29,CTR-42-43,D,PTP,100.0
thermal,1.9117E+15,2.39,CTR-42-43,E,PTP,100.0
epithermal,1.614E+15,2.31,CTR-42-43,E,PTP,100.0
fast,1.4922E+15,2.29,CTR-42-43,E,PTP,100.0
fast_2,7.6507E+14,2.3,CTR-42-43,E,PTP,100.0
thermal,1.8514E+15,2.4,CTR-42-43,F,PTP,100.0
epithermal,1.4699E+15,2.3,CTR-42-43,F,PTP,100.0
fast,1.3593E+15,2.29,CTR-42-43,F,PTP,100.0
fast_2,6.9768E+14,2.3,CTR-42-43,F,PTP,100.0
thermal,1.6862E+15,2.4,CTR-42-43,G,PTP,100.0
epithermal,1.3396E+15,2.3,CTR-42-43,G,PTP,100.0
fast,1.2389E+15,2.29,CTR-42-43,G,PTP,100.0
fast_2,6.3593E+14,2.3,CTR-42-43,G,PTP,100.0
thermal,1.1664E+15,2.45,CTR-44-45,A,PTP,100.0
epithermal,9.3529E+14,2.32,CTR-44-45,A,PTP,100.0
fast,8.6549E+14,2.31,CTR-44-45,A,PTP,100.0
fast_2,4.4462E+14,2.32,CTR-44-45,A,PTP,100.0
thermal,1.7565E+15,2.4,CTR-44-45,B,PTP,100.0
epithermal,1.386E+15,2.3,CTR-44-45,B,PTP,100.0
fast,1.2752E+15,2.29,CTR-44-45,B,PTP,100.0
fast_2,6.546E+14,2.3,CTR-44-45,B,PTP,100.0
thermal,1.9292E+15,2.39,CTR-44-45,C,PTP,100.0
epithermal,1.6302E+15,2.31,CTR-44-45,C,PTP,100.0
fast,1.5073E+15,2.29,CTR-44-45,C,PTP,100.0
fast_2,7.729E+14,2.3,CTR-44-45,C,PTP,100.0
thermal,1.9491E+15,2.4,CTR-44-45,D,PTP,100.0
epithermal,1.6342E+15,2.31,CTR-44-45,D,PTP,100.0
fast,1.513E+15,2.3,CTR-44-45,D,PTP,100.0
fast_2,7.7401E+14,2.31,CTR-44-45,D,PTP,100.0
thermal,1.6805E+15,2.4,CTR-44-45,E,PTP,100.0
epithermal,1.3355E+15,2.3,CTR-44-45,E,PTP,100.0
fast,1.2353E+15,2.29,CTR-44-45,E,PTP,100.0
fast_2,6.3406E+14,2.29,CTR-44-45,E,PTP,100.0
thermal,1.2234E+15,2.5,CTR-44-45,F,PTP,100.0
epithermal,8.4432E+14,2.35,CTR-44-45,F,PTP,100.0
fast,7.8423E+14,2.33,CTR-44-45,F,PTP,100.0
fast_2,4.0434E+14,2.34,CTR-44-45,F,PTP,100.0
thermal,1.0493E+15,1.65,CTR-46,A,PTP,100.0
epithermal,8.4029E+14,1.61,CTR-46,A,PTP,100.0
fast,7.7755E+14,1.58,CTR-46,A,PTP,100.0
fast_2,3.9945E+14,1.59,CTR-46,A,PTP,100.0
thermal,1.6092E+15,1.58,CTR-46,B,PTP,100.0
epithermal,1.2724E+15,1.56,CTR-46,B,PTP,100.0
fast,1.1708E+15,1.53,CTR-46,B,PTP,100.0
fast_2,6.0109E+14,1.54,CTR-46,B,PTP,100.0
thermal,1.9119E+15,1.63,CTR-46,C,PTP,100.0
epithermal,1.5966E+15,1.58,CTR-46,C,PTP,100.0
fast,1.4776E+15,1.56,CTR-46,C,PTP,100.0
fast_2,7.5578E+14,1.57,CTR-46,C,PTP,100.0
thermal,1.5619E+15,1.61,CTR-46,D,PTP,100.0
epithermal,1.278E+15,1.58,CTR-46,D,PTP,100.0
fast,1.1839E+15,1.56,CTR-46,D,PTP,100.0
fast_2,6.073E+14,1.56,CTR-46,D,PTP,100.0
thermal,1.0503E+15,1.71,CTR-46,E,PTP,100.0
epithermal,7.1864E+14,1.66,CTR-46,E,PTP,100.0
fast,6.6648E+14,1.62,CTR-46,E,PTP,100.0
fast_2,3.4319E+14,1.63,CTR-46,E,PTP,100.0
thermal,1.0709E+15,2.11,CTR-47,A,PTP,100.0
epithermal,8.585E+14,2.02,CTR-47,A,PTP,100.0
fast,7.9439E+14,2,CTR-47,A,PTP,100.0
fast_2,4.0806E+14,2.01,CTR-47,A,PTP,100.0
thermal,1.7208E+15,2.01,CTR-47,B,PTP,100.0
epithermal,1.364E+15,1.95,CTR-47,B,PTP,100.0
fast,1.2554E+15,1.94,CTR-47,B,PTP,100.0
fast_2,6.446E+14,1.94,CTR-47,B,PTP,100.0
thermal,1.9987E+15,2.05,CTR-47,C,PTP,100.0
epithermal,1.6788E+15,1.99,CTR-47,C,PTP,100.0
fast,1.5546E+15,1.97,CTR-47,C,PTP,100.0
fast_2,7.9537E+14,1.98,CTR-47,C,PTP,100.0
thermal,1.6489E+15,2.08,CTR-47,D,PTP,100.0
epithermal,1.3448E+15,2,CTR-47,D,PTP,100.0
fast,1.2454E+15,1.99,CTR-47,D,PTP,100.0
fast_2,6.3868E+14,2,CTR-47,D,PTP,100.0
thermal,1.0645E+15,2.11,CTR-47,E,PTP,100.0
epithermal,7.384E+14,2.02,CTR-47,E,PTP,100.0
fast,6.8608E+14,2,CTR-47,E,PTP,100.0
fast_2,3.5379E+14,2.01,CTR-47,E,PTP,100.0
thermal,1.0683E+15,2.09,CTR-48,A,PTP,100.0
epithermal,8.5826E+14,2.01,CTR-48,A,PTP,100.0
fast,7.9439E+14,1.99,CTR-48,A,PTP,100.0
fast_2,4.0815E+14,2,CTR-48,A,PTP,100.0
thermal,2.0099E+15,2.03,CTR-48,B,PTP,100.0
epithermal,1.6901E+15,1.97,CTR-48,B,PTP,100.0
fast,1.565E+15,1.95,CTR-48,B,PTP,100.0
fast_2,8.0072E+14,1.96,CTR-48,B,PTP,100.0
thermal,1.6594E+15,2.07,CTR-48,C,PTP,100.0
epithermal,1.3533E+15,2,CTR-48,C,PTP,100.0
fast,1.2531E+15,1.98,CTR-48,C,PTP,100.0
fast_2,6.4256E+14,1.99,CTR-48,C,PTP,100.0
thermal,1.0811E+15,2.12,CTR-48,D,PTP,100.0
epithermal,7.4967E+14,2.02,CTR-48,D,PTP,100.0
fast,6.9651E+14,2,CTR-48,D,PTP,100.0
fast_2,3.5916E+14,2.01,CTR-48,D,PTP,100.0
thermal,1.2466E+15,1.48,CTR-53,A,PTP,100.0
epithermal,1.0076E+15,1.48,CTR-53,A,PTP,100.0
fast,9.3407E+14,1.48,CTR-53,A,PTP,100.0
fast_2,4.8033E+14,1.49,CTR-53,A,PTP,100.0
thermal,1.5979E+15,1.57,CTR-53,B,PTP,100.0
epithermal,1.2791E+15,1.59,CTR-53,B,PTP,100.0
fast,1.1786E+15,1.57,CTR-53,B,PTP,100.0
fast_2,6.0559E+14,1.58,CTR-53,B,PTP,100.0
thermal,1.7898E+15,1.45,CTR-53,C,PTP,100.0
epithermal,1.5173E+15,1.46,CTR-53,C,PTP,100.0
fast,1.4038E+15,1.44,CTR-53,C,PTP,100.0
fast_2,7.2008E+14,1.45,CTR-53,C,PTP,100.0
thermal,1.8785E+15,1.45,CTR-53,D,PTP,100.0
epithermal,1.5829E+15,1.45,CTR-53,D,PTP,100.0
fast,1.467E+15,1.44,CTR-53,D,PTP,100.0
fast_2,7.5088E+14,1.45,CTR-53,D,PTP,100.0
thermal,1.9048E+15,1.5,CTR-53,E,PTP,100.0
epithermal,1.592E+15,1.47,CTR-53,E,PTP,100.0
fast,1.4738E+15,1.47,CTR-53,E,PTP,100.0
fast_2,7.5382E+14,1.48,CTR-53,E,PTP,100.0
thermal,1.7139E+15,1.47,CTR-53,F,PTP,100.0
epithermal,1.3611E+15,1.46,CTR-53,F,PTP,100.0
fast,1.2591E+15,1.45,CTR-53,F,PTP,100.0
fast_2,6.4632E+14,1.46,CTR-53,F,PTP,100.0
thermal,1.377E+15,1.49,CTR-53,G,PTP,100.0
epithermal,1.126E+15,1.48,CTR-53,G,PTP,100.0
fast,1.044E+15,1.48,CTR-53,G,PTP,100.0
fast_2,5.3565E+14,1.49,CTR-53,G,PTP,100.0
thermal,1.0317E+15,1.5,CTR-53,H,PTP,100.0
epithermal,7.24E+14,1.55,CTR-53,H,PTP,100.0
fast,6.7447E+14,1.54,CTR-53,H,PTP,100.0
fast_2,3.4837E+14,1.56,CTR-53,H,PTP,100.0
thermal,1.2733E+15,1.52,CTR-54,A,PTP,100.0
epithermal,1.0174E+15,1.5,CTR-54,A,PTP,100.0
fast,9.4146E+14,1.49,CTR-54,A,PTP,100.0
fast_2,4.836E+14,1.51,CTR-54,A,PTP,100.0
thermal,1.5965E+15,1.44,CTR-54,B,PTP,100.0
epithermal,1.2661E+15,1.43,CTR-54,B,PTP,100.0
fast,1.1657E+15,1.42,CTR-54,B,PTP,100.0
fast_2,5.9863E+14,1.43,CTR-54,B,PTP,100.0
thermal,1.8725E+15,1.49,CTR-54,C,PTP,100.0
epithermal,1.5772E+15,1.47,CTR-54,C,PTP,100.0
fast,1.4581E+15,1.46,CTR-54,C,PTP,100.0
fast_2,7.4749E+14,1.47,CTR-54,C,PTP,100.0
thermal,1.8928E+15,1.47,CTR-54,D,PTP,100.0
epithermal,1.5917E+15,1.46,CTR-54,D,PTP,100.0
fast,1.4746E+15,1.45,CTR-54,D,PTP,100.0
fast_2,7.5462E+14,1.46,CTR-54,D,PTP,100.0
thermal,1.8921E+15,1.48,CTR-54,E,PTP,100.0
epithermal,1.5825E+15,1.46,CTR-54,E,PTP,100.0
fast,1.4654E+15,1.45,CTR-54,E,PTP,100.0
fast_2,7.4966E+14,1.46,CTR-54,E,PTP,100.0
thermal,1.6913E+15,1.43,CTR-54,F,PTP,100.0
epithermal,1.3557E+15,1.43,CTR-54,F,PTP,100.0
fast,1.2559E+15,1.43,CTR-54,F,PTP,100.0
fast_2,6.4526E+14,1.44,CTR-54,F,PTP,100.0
thermal,1.4044E+15,1.5,CTR-54,G,PTP,100.0
epithermal,1.1437E+15,1.49,CTR-54,G,PTP,100.0
fast,1.0591E+15,1.48,CTR-54,G,PTP,100.0
fast_2,5.4313E+14,1.5,CTR-54,G,PTP,100.0
thermal,1.074E+15,1.55,CTR-54,H,PTP,100.0
epithermal,7.3804E+14,1.57,CTR-54,H,PTP,100.0
fast,6.8533E+14,1.55,CTR-54,H,PTP,100.0
fast_2,3.5317E+14,1.57,CTR-54,H,PTP,100.0
thermal,1.3414E+15,2.24,CTR-62,A,FT-5,85.0
epithermal,8.8908E+14,2.11,CTR-62,A,FT-5,85.0
fast,7.7871E+14,2.09,CTR-62,A,FT-5,85.0
fast_2,3.9643E+14,2.1,CTR-62,A,FT-5,85.0
thermal,1.921E+15,2.14,CTR-62,B,FT-5,85.0
epithermal,1.3442E+15,2.06,CTR-62,B,FT-5,85.0
fast,1.1752E+15,2.05,CTR-62,B,FT-5,85.0
fast_2,5.9534E+14,2.05,CTR-62,B,FT-5,85.0
thermal,1.2671E+15,2.3,CTR-62,C,FT-5,85.0
epithermal,8.2505E+14,2.2,CTR-62,C,FT-5,85.0
fast,7.2149E+14,2.18,CTR-62,C,FT-5,85.0
fast_2,3.6748E+14,2.2,CTR-62,C,FT-5,85.0
thermal,1.2574E+15,6.44,CTR-62,C,FT-5,85.0
epithermal,7.2835E+14,7.77,CTR-62,C,FT-5,85.0
fast,6.5384E+14,13.83,CTR-62,C,FT-5,85.0
fast_2,3.3768E+14,18.68,CTR-62,C,FT-5,85.0
thermal,9.853E+14,2.18,CTR-63,A,FT-5,85.0
epithermal,6.5838E+14,2.08,CTR-63,A,FT-5,85.0
fast,5.7694E+14,2.06,CTR-63,A,FT-5,85.0
fast_2,2.9386E+14,2.07,CTR-63,A,FT-5,85.0
thermal,1.9088E+15,2.27,CTR-63,B,FT-5,85.0
epithermal,1.3291E+15,2.2,CTR-63,B,FT-5,85.0
fast,1.1571E+15,2.19,CTR-63,B,FT-5,85.0
fast_2,5.869E+14,2.2,CTR-63,B,FT-5,85.0
thermal,1.3885E+15,2.4,CTR-63,C,FT-5,85.0
epithermal,9.596E+14,2.26,CTR-63,C,FT-5,85.0
fast,8.3767E+14,2.25,CTR-63,C,FT-5,85.0
fast_2,4.2486E+14,2.25,CTR-63,C,FT-5,85.0
thermal,1.6053E+15,1.93,JP1,A,FT-5,100.0
epithermal,1.1209E+15,1.91,JP1,A,FT-5,100.0
fast,9.76E+14,1.89,JP1,A,FT-5,100.0
fast_2,4.9514E+14,1.9,JP1,A,FT-5,100.0
thermal,1.9446E+15,1.88,JP1,B,FT-5,100.0
epithermal,1.3635E+15,1.87,JP1,B,FT-5,100.0
fast,1.1879E+15,1.85,JP1,B,FT-5,100.0
fast_2,6.0284E+14,1.86,JP1,B,FT-5,100.0
thermal,2.0083E+15,1.88,JP1,C,FT-5,100.0
epithermal,1.4068E+15,1.87,JP1,C,FT-5,100.0
fast,1.2253E+15,1.85,JP1,C,FT-5,100.0
fast_2,6.2173E+14,1.85,JP1,C,FT-5,100.0
thermal,1.7451E+15,1.89,JP1,D,FT-5,100.0
epithermal,1.2217E+15,1.88,JP1,D,FT-5,100.0
fast,1.064E+15,1.86,JP1,D,FT-5,100.0
fast_2,5.3989E+14,1.87,JP1,D,FT-5,100.0
thermal,1.2946E+15,1.96,JP1,E,FT-5,100.0
epithermal,9.0162E+14,1.93,JP1,E,FT-5,100.0
fast,7.8478E+14,1.91,JP1,E,FT-5,100.0
fast_2,3.9802E+14,1.92,JP1,E,FT-5,100.0
thermal,1.4654E+15,2.19,JP10,A,FT-5,85.0
epithermal,1.0298E+15,2.14,JP10,A,FT-5,85.0
fast,9.0067E+14,2.13,JP10,A,FT-5,85.0
fast_2,4.5642E+14,2.14,JP10,A,FT-5,85.0
thermal,1.6673E+15,2.2,JP10,B,FT-5,85.0
epithermal,1.1715E+15,2.15,JP10,B,FT-5,85.0
fast,1.0246E+15,2.14,JP10,B,FT-5,85.0
fast_2,5.1922E+14,2.15,JP10,B,FT-5,85.0
thermal,1.6999E+15,2.21,JP10,C,FT-5,85.0
epithermal,1.1936E+15,2.15,JP10,C,FT-5,85.0
fast,1.0438E+15,2.14,JP10,C,FT-5,85.0
fast_2,5.2892E+14,2.15,JP10,C,FT-5,85.0
thermal,1.2877E+15,2.21,JP10,D,FT-5,85.0
epithermal,9.0381E+14,2.15,JP10,D,FT-5,85.0
fast,7.9039E+14,2.14,JP10,D,FT-5,85.0
fast_2,4.0051E+14,2.15,JP10,D,FT-5,85.0
thermal,1.03E+15,2.21,JP10,E,FT-5,85.0
epithermal,7.2278E+14,2.16,JP10,E,FT-5,85.0
fast,6.3206E+14,2.14,JP10,E,FT-5,85.0
fast_2,3.2027E+14,2.15,JP10,E,FT-5,85.0
thermal,1.5472E+15,2.24,JP11,A,FT-5,85.0
epithermal,1.0692E+15,2.16,JP11,A,FT-5,85.0
fast,9.3201E+14,2.16,JP11,A,FT-5,85.0
fast_2,4.7256E+14,2.17,JP11,A,FT-5,85.0
thermal,1.7289E+15,2.23,JP11,B,FT-5,85.0
epithermal,1.2084E+15,2.17,JP11,B,FT-5,85.0
fast,1.0522E+15,2.16,JP11,B,FT-5,85.0
fast_2,5.3381E+14,2.17,JP11,B,FT-5,85.0
thermal,1.7357E+15,2.22,JP11,C,FT-5,85.0
epithermal,1.2184E+15,2.16,JP11,C,FT-5,85.0
fast,1.0654E+15,2.15,JP11,C,FT-5,85.0
fast_2,5.3985E+14,2.15,JP11,C,FT-5,85.0
thermal,1.2625E+15,2.26,JP11,D,FT-5,85.0
epithermal,8.7357E+14,2.17,JP11,D,FT-5,85.0
fast,7.6222E+14,2.16,JP11,D,FT-5,85.0
fast_2,3.8648E+14,2.17,JP11,D,FT-5,85.0
thermal,1.064E+15,2.34,JP11,E,FT-5,85.0
epithermal,6.9382E+14,2.24,JP11,E,FT-5,85.0
fast,6.0688E+14,2.22,JP11,E,FT-5,85.0
fast_2,3.0922E+14,2.23,JP11,E,FT-5,85.0
thermal,1.3032E+15,6.34,JP12,A,FT-5,85.0
epithermal,9.1631E+14,7.71,JP12,A,FT-5,85.0
fast,8.1144E+14,12.45,JP12,A,FT-5,85.0
fast_2,4.3051E+14,15.11,JP12,A,FT-5,85.0
thermal,1.4366E+15,6.32,JP12,B,FT-5,85.0
epithermal,9.9926E+14,7.71,JP12,B,FT-5,85.0
fast,8.8157E+14,12.43,JP12,B,FT-5,85.0
fast_2,4.6824E+14,15.06,JP12,B,FT-5,85.0
thermal,8.3882E+14,2.29,JP13,A,FT-5,85.0
epithermal,5.585E+14,2.2,JP13,A,FT-5,85.0
fast,4.8922E+14,2.18,JP13,A,FT-5,85.0
fast_2,2.491E+14,2.19,JP13,A,FT-5,85.0
thermal,1.2475E+15,2.29,JP13,B,FT-5,85.0
epithermal,8.3139E+14,2.2,JP13,B,FT-5,85.0
fast,7.2834E+14,2.18,JP13,B,FT-5,85.0
fast_2,3.709E+14,2.2,JP13,B,FT-5,85.0
thermal,1.6967E+15,2.21,JP13,C,FT-5,85.0
epithermal,1.192E+15,2.15,JP13,C,FT-5,85.0
fast,1.0424E+15,2.14,JP13,C,FT-5,85.0
fast_2,5.2822E+14,2.15,JP13,C,FT-5,85.0
thermal,1.4633E+15,2.2,JP13,D,FT-5,85.0
epithermal,1.0208E+15,2.15,JP13,D,FT-5,85.0
fast,8.9001E+14,2.14,JP13,D,FT-5,85.0
fast_2,4.5125E+14,2.14,JP13,D,FT-5,85.0
thermal,1.2487E+15,2.27,JP13,E,FT-5,85.0
epithermal,8.1739E+14,2.19,JP13,E,FT-5,85.0
fast,7.1515E+14,2.17,JP13,E,FT-5,85.0
fast_2,3.6442E+14,2.18,JP13,E,FT-5,85.0
thermal,1.1828E+15,2.07,JP15,A,FT-5,85.0
epithermal,9.9249E+14,2.07,JP15,A,FT-5,85.0
fast,9.1891E+14,2.07,JP15,A,FT-5,85.0
fast_2,4.7085E+14,2.07,JP15,A,FT-5,85.0
thermal,7.2642E+14,2.22,JP15,B,FT-5,85.0
epithermal,6.0952E+14,2.22,JP15,B,FT-5,85.0
fast,5.6433E+14,2.21,JP15,B,FT-5,85.0
fast_2,2.8916E+14,2.22,JP15,B,FT-5,85.0
thermal,1.5121E+15,2.23,JP15,C,FT-5,85.0
epithermal,1.2688E+15,2.23,JP15,C,FT-5,85.0
fast,1.1747E+15,2.23,JP15,C,FT-5,85.0
fast_2,6.0193E+14,2.23,JP15,C,FT-5,85.0
thermal,8.2603E+14,2.32,JP16,A,FT-5,85.0
epithermal,5.4973E+14,2.24,JP16,A,FT-5,85.0
fast,4.8158E+14,2.22,JP16,A,FT-5,85.0
fast_2,2.4524E+14,2.23,JP16,A,FT-5,85.0
thermal,1.4779E+15,2.23,JP16,B,FT-5,85.0
epithermal,1.0217E+15,2.16,JP16,B,FT-5,85.0
fast,8.9084E+14,2.16,JP16,B,FT-5,85.0
fast_2,4.5175E+14,2.17,JP16,B,FT-5,85.0
thermal,1.5822E+15,2.2,JP16,C,FT-5,85.0
epithermal,1.1079E+15,2.15,JP16,C,FT-5,85.0
fast,9.6487E+14,2.14,JP16,C,FT-5,85.0
fast_2,4.8956E+14,2.14,JP16,C,FT-5,85.0
thermal,1.5994E+15,2.19,JP16,D,FT-5,85.0
epithermal,1.1159E+15,2.14,JP16,D,FT-5,85.0
fast,9.7309E+14,2.13,JP16,D,FT-5,85.0
fast_2,4.934E+14,2.14,JP16,D,FT-5,85.0
thermal,1.4629E+15,2.22,JP16,E,FT-5,85.0
epithermal,1.0155E+15,2.14,JP16,E,FT-5,85.0
fast,8.8663E+14,2.14,JP16,E,FT-5,85.0
fast_2,4.4976E+14,2.15,JP16,E,FT-5,85.0
thermal,1.029E+15,2.26,JP16,F,FT-5,85.0
epithermal,6.7393E+14,2.18,JP16,F,FT-5,85.0
fast,5.8969E+14,2.16,JP16,F,FT-5,85.0
fast_2,3.005E+14,2.17,JP16,F,FT-5,85.0
thermal,6.7508E+14,2.3,JP17,A,PTP,85.0
epithermal,5.6639E+14,2.2,JP17,A,PTP,85.0
fast,5.2447E+14,2.2,JP17,A,PTP,85.0
fast_2,2.6833E+14,2.2,JP17,A,PTP,85.0
thermal,1.3986E+15,2.63,JP17,B,PTP,85.0
epithermal,1.1763E+15,2.55,JP17,B,PTP,85.0
fast,1.0893E+15,2.55,JP17,B,PTP,85.0
fast_2,5.5732E+14,2.56,JP17,B,PTP,85.0
thermal,1.217E+15,2.27,JP17,C,PTP,85.0
epithermal,1.0234E+15,2.18,JP17,C,PTP,85.0
fast,9.4795E+14,2.17,JP17,C,PTP,85.0
fast_2,4.851E+14,2.18,JP17,C,PTP,85.0
thermal,8.6674E+14,2.24,JP17,D,PTP,85.0
epithermal,7.3031E+14,2.16,JP17,D,PTP,85.0
fast,6.7662E+14,2.16,JP17,D,PTP,85.0
fast_2,3.463E+14,2.16,JP17,D,PTP,85.0
thermal,6.3432E+14,2.52,JP17,E,PTP,85.0
epithermal,5.3219E+14,2.42,JP17,E,PTP,85.0
fast,4.9275E+14,2.41,JP17,E,PTP,85.0
fast_2,2.5209E+14,2.41,JP17,E,PTP,85.0
thermal,7.8824E+14,2.4,JP18,A,FT-5,85.0
epithermal,6.2987E+14,2.26,JP18,A,FT-5,85.0
fast,5.826E+14,2.25,JP18,A,FT-5,85.0
fast_2,2.9921E+14,2.26,JP18,A,FT-5,85.0
thermal,1.4752E+15,2.35,JP18,B,FT-5,85.0
epithermal,1.2348E+15,2.25,JP18,B,FT-5,85.0
fast,1.143E+15,2.24,JP18,B,FT-5,85.0
fast_2,5.8468E+14,2.24,JP18,B,FT-5,85.0
thermal,1.1014E+15,2.4,JP18,C,FT-5,85.0
epithermal,8.9273E+14,2.26,JP18,C,FT-5,85.0
fast,8.2608E+14,2.25,JP18,C,FT-5,85.0
fast_2,4.2341E+14,2.26,JP18,C,FT-5,85.0
thermal,1.5519E+15,2.34,JP19,A,FT-5,85.0
epithermal,1.3079E+15,2.24,JP19,A,FT-5,85.0
fast,1.2088E+15,2.23,JP19,A,FT-5,85.0
fast_2,6.1969E+14,2.23,JP19,A,FT-5,85.0
thermal,1.5118E+15,2.37,JP19,B,FT-5,85.0
epithermal,1.2642E+15,2.26,JP19,B,FT-5,85.0
fast,1.17E+15,2.25,JP19,B,FT-5,85.0
fast_2,5.9843E+14,2.26,JP19,B,FT-5,85.0
thermal,1.0616E+15,1.84,JP2,A,FT-5,100.0
epithermal,6.4085E+14,1.84,JP2,A,FT-5,100.0
fast,5.3745E+14,1.84,JP2,A,FT-5,100.0
fast_2,2.7065E+14,1.84,JP2,A,FT-5,100.0
thermal,1.5028E+15,1.86,JP2,B,FT-5,100.0
epithermal,1.1843E+15,1.85,JP2,B,FT-5,100.0
fast,1.0934E+15,1.85,JP2,B,FT-5,100.0
fast_2,5.6062E+14,1.85,JP2,B,FT-5,100.0
thermal,1.7995E+15,1.84,JP2,C,FT-5,100.0
epithermal,1.5193E+15,1.84,JP2,C,FT-5,100.0
fast,1.4065E+15,1.84,JP2,C,FT-5,100.0
fast_2,7.2071E+14,1.84,JP2,C,FT-5,100.0
thermal,1.8674E+15,1.82,JP2,D,FT-5,100.0
epithermal,1.5669E+15,1.82,JP2,D,FT-5,100.0
fast,1.4508E+15,1.82,JP2,D,FT-5,100.0
fast_2,7.4337E+14,1.82,JP2,D,FT-5,100.0
thermal,1.6115E+15,1.83,JP2,E,FT-5,100.0
epithermal,1.3109E+15,1.83,JP2,E,FT-5,100.0
fast,1.2125E+15,1.83,JP2,E,FT-5,100.0
fast_2,6.2245E+14,1.83,JP2,E,FT-5,100.0
thermal,1.2385E+15,1.86,JP2,F,FT-5,100.0
epithermal,8.5135E+14,1.86,JP2,F,FT-5,100.0
fast,7.894E+14,1.85,JP2,F,FT-5,100.0
fast_2,4.07E+14,1.85,JP2,F,FT-5,100.0
thermal,1.3482E+15,2.12,JP20,A,FT-5,100.0
epithermal,9.4519E+14,2.05,JP20,A,FT-5,85.0
fast,8.2641E+14,2.03,JP20,A,FT-5,85.0
fast_2,4.1869E+14,2.04,JP20,A,FT-5,85.0
thermal,1.9246E+15,2.14,JP20,B,FT-5,85.0
epithermal,1.3476E+15,2.06,JP20,B,FT-5,85.0
fast,1.1781E+15,2.05,JP20,B,FT-5,85.0
fast_2,5.9681E+14,2.05,JP20,B,FT-5,85.0
thermal,1.6127E+15,6.43,JP23,A,FT-5,85.0
epithermal,1.0081E+15,7.75,JP23,A,FT-5,85.0
fast,8.9098E+14,12.5,JP23,A,FT-5,85.0
fast_2,4.6788E+14,15.16,JP23,A,FT-5,85.0
thermal,1.9631E+15,6.41,JP23,B,FT-5,85.0
epithermal,1.2123E+15,7.75,JP23,B,FT-5,85.0
fast,1.0609E+15,12.5,JP23,B,FT-5,85.0
fast_2,5.5431E+14,15.16,JP23,B,FT-5,85.0
thermal,1.8961E+15,6.39,JP23,C,FT-5,85.0
epithermal,1.1825E+15,7.74,JP23,C,FT-5,85.0
fast,1.0704E+15,12.43,JP23,C,FT-5,85.0
fast_2,5.7483E+14,15.11,JP23,C,FT-5,85.0
thermal,1.7801E+15,6.38,JP23,D,FT-5,85.0
epithermal,1.12E+15,7.75,JP23,D,FT-5,85.0
fast,1.0038E+15,12.45,JP23,D,FT-5,85.0
fast_2,5.3728E+14,15.13,JP23,D,FT-5,85.0
thermal,1.3599E+15,8.35,JP23,E,FT-5,85.0
epithermal,8.7121E+14,7.93,JP23,E,FT-5,85.0
fast,7.6353E+14,12.57,JP23,E,FT-5,85.0
fast_2,3.9604E+14,15.27,JP23,E,FT-5,85.0
thermal,1.6284E+15,1.94,JP3,A,FT-5,100.0
epithermal,1.1368E+15,1.92,JP3,A,FT-5,100.0
fast,9.8978E+14,1.9,JP3,A,FT-5,100.0
fast_2,5.0212E+14,1.9,JP3,A,FT-5,100.0
thermal,2.0691E+15,1.93,JP3,B,FT-5,100.0
epithermal,1.4463E+15,1.91,JP3,B,FT-5,100.0
fast,1.2595E+15,1.89,JP3,B,FT-5,100.0
fast_2,6.3906E+14,1.9,JP3,B,FT-5,100.0
thermal,2.1652E+15,1.93,JP3,C,FT-5,100.0
epithermal,1.5129E+15,1.91,JP3,C,FT-5,100.0
fast,1.3175E+15,1.89,JP3,C,FT-5,100.0
fast_2,6.6845E+14,1.9,JP3,C,FT-5,100.0
thermal,1.8441E+15,1.94,JP3,D,FT-5,100.0
epithermal,1.287E+15,1.92,JP3,D,FT-5,100.0
fast,1.1206E+15,1.9,JP3,D,FT-5,100.0
fast_2,5.6846E+14,1.91,JP3,D,FT-5,100.0
thermal,1.2876E+15,1.97,JP3,E,FT-5,100.0
epithermal,8.9653E+14,1.94,JP3,E,FT-5,100.0
fast,7.8031E+14,1.92,JP3,E,FT-5,100.0
fast_2,3.9574E+14,1.92,JP3,E,FT-5,100.0
thermal,1.4235E+15,1.9,JP4,A,FT-5,100.0
epithermal,1.1871E+15,1.81,JP4,A,FT-5,100.0
fast,1.0983E+15,1.8,JP4,A,FT-5,100.0
fast_2,5.6161E+14,1.8,JP4,A,FT-5,100.0
thermal,1.835E+15,1.86,JP4,B,FT-5,100.0
epithermal,1.5367E+15,1.78,JP4,B,FT-5,100.0
fast,1.4226E+15,1.77,JP4,B,FT-5,100.0
fast_2,7.2769E+14,1.77,JP4,B,FT-5,100.0
thermal,1.2553E+15,1.9,JP4,C,FT-5,100.0
epithermal,1.0459E+15,1.81,JP4,C,FT-5,100.0
fast,9.6767E+14,1.79,JP4,C,FT-5,100.0
fast_2,4.948E+14,1.8,JP4,C,FT-5,100.0
thermal,9.6563E+14,2.17,JP5,A,FT-5,100.0
epithermal,6.5271E+14,2.05,JP5,A,FT-5,100.0
fast,6.0495E+14,2.02,JP5,A,FT-5,100.0
fast_2,3.114E+14,2.03,JP5,A,FT-5,100.0
thermal,1.476E+15,1.98,JP5,B,FT-5,100.0
epithermal,1.234E+15,1.93,JP5,B,FT-5,100.0
fast,1.1419E+15,1.92,JP5,B,FT-5,100.0
fast_2,5.8395E+14,1.92,JP5,B,FT-5,100.0
thermal,1.7877E+15,2.24,JP5,C,FT-5,100.0
epithermal,1.5004E+15,2.21,JP5,C,FT-5,100.0
fast,1.3893E+15,2.21,JP5,C,FT-5,100.0
fast_2,7.1082E+14,2.22,JP5,C,FT-5,100.0
thermal,1.8944E+15,1.94,JP5,D,FT-5,100.0
epithermal,1.5907E+15,1.9,JP5,D,FT-5,100.0
fast,1.473E+15,1.89,JP5,D,FT-5,100.0
fast_2,7.5362E+14,1.89,JP5,D,FT-5,100.0
thermal,1.6077E+15,1.95,JP5,E,FT-5,100.0
epithermal,1.347E+15,1.9,JP5,E,FT-5,100.0
fast,1.2468E+15,1.89,JP5,E,FT-5,100.0
fast_2,6.3771E+14,1.9,JP5,E,FT-5,100.0
thermal,1.052E+15,2.28,JP6,A,FT-5,100.0
epithermal,5.4927E+14,2.19,JP6,A,FT-5,100.0
fast,4.7528E+14,2.13,JP6,A,FT-5,100.0
fast_2,2.4344E+14,2.15,JP6,A,FT-5,100.0
thermal,1.6525E+15,1.95,JP6,B,FT-5,100.0
epithermal,1.1494E+15,1.93,JP6,B,FT-5,100.0
fast,1.0021E+15,1.91,JP6,B,FT-5,100.0
fast_2,5.0806E+14,1.92,JP6,B,FT-5,100.0
thermal,2.0647E+15,1.94,JP6,C,FT-5,100.0
epithermal,1.3586E+15,1.93,JP6,C,FT-5,100.0
fast,1.1896E+15,1.9,JP6,C,FT-5,100.0
fast_2,6.0658E+14,1.92,JP6,C,FT-5,100.0
thermal,2.0459E+15,1.86,JP6,D,FT-5,100.0
epithermal,1.4426E+15,1.86,JP6,D,FT-5,100.0
fast,1.2623E+15,1.84,JP6,D,FT-5,100.0
fast_2,6.3997E+14,1.85,JP6,D,FT-5,100.0
thermal,1.7863E+15,1.88,JP6,E,FT-5,100.0
epithermal,1.2574E+15,1.87,JP6,E,FT-5,100.0
fast,1.1E+15,1.85,JP6,E,FT-5,100.0
fast_2,5.5756E+14,1.86,JP6,E,FT-5,100.0
thermal,1.2898E+15,1.93,JP6,F,FT-5,100.0
epithermal,9.0382E+14,1.91,JP6,F,FT-5,100.0
fast,7.9021E+14,1.89,JP6,F,FT-5,100.0
fast_2,4.0036E+14,1.9,JP6,F,FT-5,100.0
thermal,1.7208E+15,1.91,JP7,A,FT-5,100.0
epithermal,1.2079E+15,1.9,JP7,A,FT-5,100.0
fast,1.0563E+15,1.88,JP7,A,FT-5,100.0
fast_2,5.3529E+14,1.88,JP7,A,FT-5,100.0
thermal,2.0562E+15,1.86,JP7,B,FT-5,100.0
epithermal,1.443E+15,1.86,JP7,B,FT-5,100.0
fast,1.2572E+15,1.84,JP7,B,FT-5,100.0
fast_2,6.3808E+14,1.85,JP7,B,FT-5,100.0
thermal,1.5386E+15,2,JP8,A,FT-5,100.0
epithermal,1.2853E+15,1.94,JP8,A,FT-5,100.0
fast,1.1894E+15,1.93,JP8,A,FT-5,100.0
fast_2,6.0829E+14,1.94,JP8,A,FT-5,100.0
thermal,1.8342E+15,1.96,JP8,B,FT-5,100.0
epithermal,1.5354E+15,1.91,JP8,B,FT-5,100.0
fast,1.4212E+15,1.9,JP8,B,FT-5,100.0
fast_2,7.2696E+14,1.91,JP8,B,FT-5,100.0
thermal,1.14E+15,2.05,JP8,C,FT-5,100.0
epithermal,9.4886E+14,1.98,JP8,C,FT-5,100.0
fast,8.7776E+14,1.97,JP8,C,FT-5,100.0
fast_2,4.4878E+14,1.97,JP8,C,FT-5,100.0
thermal,1.2737E+15,2.06,JP9,A,FT-5,85.0
epithermal,1.0687E+15,2.05,JP9,A,FT-5,85.0
fast,9.895E+14,2.05,JP9,A,FT-5,85.0
fast_2,5.0702E+14,2.05,JP9,A,FT-5,85.0
thermal,8.6445E+14,2.04,JP9,B,FT-5,85.0
epithermal,5.1907E+14,2.03,JP9,B,FT-5,85.0
fast,4.3468E+14,2.03,JP9,B,FT-5,85.0
fast_2,2.1896E+14,2.03,JP9,B,FT-5,85.0
thermal,3.5611E+14,7.28,RB1,A,RB,100.0
epithermal,2.56E+14,8.38,RB1,A,RB,100.0
fast,1.5161E+14,14.17,RB1,A,RB,100.0
fast_2,6.1202E+13,19.97,RB1,A,RB,100.0
thermal,3.6963E+14,6.92,RB1,A,RB,100.0
epithermal,1.7514E+14,8.29,RB1,A,RB,100.0
fast,9.9116E+13,14.18,RB1,A,RB,100.0
fast_2,3.9722E+13,19.95,RB1,A,RB,100.0
thermal,9.8948E+14,7.6,RB1,B,RB,100.0
epithermal,9.2396E+14,8.34,RB1,B,RB,100.0
fast,5.4337E+14,14.22,RB1,B,RB,100.0
fast_2,2.124E+14,20.08,RB1,B,RB,100.0
thermal,1.01E+15,7.2,RB1,B,RB,100.0
epithermal,6.8829E+14,8.3,RB1,B,RB,100.0
fast,3.8754E+14,14.21,RB1,B,RB,100.0
fast_2,1.5216E+14,20.06,RB1,B,RB,100.0
thermal,9.4749E+14,6.76,RB1,C,RB,100.0
epithermal,8.4751E+14,8.3,RB1,C,RB,100.0
fast,4.7682E+14,13.76,RB1,C,RB,100.0
fast_2,1.7737E+14,17.71,RB1,C,RB,100.0
thermal,9.7781E+14,6.3,RB1,C,RB,100.0
epithermal,7.2129E+14,8.27,RB1,C,RB,100.0
fast,4.0274E+14,13.49,RB1,C,RB,100.0
fast_2,1.5814E+14,17.05,RB1,C,RB,100.0
thermal,7.098E+14,6.91,RB1,D,RB,100.0
epithermal,7.2485E+14,8.35,RB1,D,RB,100.0
fast,4.2021E+14,13.76,RB1,D,RB,100.0
fast_2,1.564E+14,17.73,RB1,D,RB,100.0
thermal,7.4543E+14,6.26,RB1,D,RB,100.0
epithermal,5.6451E+14,8.27,RB1,D,RB,100.0
fast,3.2476E+14,13.34,RB1,D,RB,100.0
fast_2,1.3191E+14,16.76,RB1,D,RB,100.0
thermal,4.1986E+14,7.03,RB1,E,RB,100.0
epithermal,4.6426E+14,8.43,RB1,E,RB,100.0
fast,2.7884E+14,13.71,RB1,E,RB,100.0
fast_2,1.055E+14,17.7,RB1,E,RB,100.0
thermal,4.5298E+14,6.21,RB1,E,RB,100.0
epithermal,3.3679E+14,8.28,RB1,E,RB,100.0
fast,2.0007E+14,13.2,RB1,E,RB,100.0
fast_2,8.4156E+13,16.56,RB1,E,RB,100.0
thermal,3.0363E+14,2.18,RB2,A,RB,100.0
epithermal,3.733E+14,1.97,RB2,A,RB,100.0
fast,2.3319E+14,1.98,RB2,A,RB,100.0
fast_2,9.0795E+13,1.96,RB2,A,RB,100.0
thermal,5.1979E+14,1.97,RB2,A,RB,100.0
epithermal,3.5191E+14,1.88,RB2,A,RB,100.0
fast,2.0102E+14,1.88,RB2,A,RB,100.0
fast_2,7.8994E+13,1.87,RB2,A,RB,100.0
thermal,8.0232E+14,1.96,RB2,C,RB,100.0
epithermal,7.8921E+14,1.89,RB2,C,RB,100.0
fast,4.6569E+14,1.89,RB2,C,RB,100.0
fast_2,1.8171E+14,1.88,RB2,C,RB,100.0
thermal,1.0331E+15,1.93,RB2,C,RB,100.0
epithermal,7.3763E+14,1.86,RB2,C,RB,100.0
fast,4.1655E+14,1.86,RB2,C,RB,100.0
fast_2,1.6346E+14,1.86,RB2,C,RB,100.0
thermal,7.8661E+14,1.95,RB2,D,RB,100.0
epithermal,7.7318E+14,1.87,RB2,D,RB,100.0
fast,4.5606E+14,1.87,RB2,D,RB,100.0
fast_2,1.7786E+14,1.86,RB2,D,RB,100.0
thermal,7.7062E+14,1.89,RB2,D,RB,100.0
epithermal,5.5028E+14,1.82,RB2,D,RB,100.0
fast,3.1056E+14,1.82,RB2,D,RB,100.0
fast_2,1.2175E+14,1.82,RB2,D,RB,100.0
thermal,8.9489E+14,2.1,RB3,A,RB,100.0
epithermal,8.8171E+14,2.03,RB3,A,RB,100.0
fast,5.2045E+14,2.04,RB3,A,RB,100.0
fast_2,2.0317E+14,2.05,RB3,A,RB,100.0
thermal,1.1073E+15,2.07,RB3,A,RB,100.0
epithermal,7.9124E+14,2.02,RB3,A,RB,100.0
fast,4.4676E+14,2.03,RB3,A,RB,100.0
fast_2,1.7527E+14,2.04,RB3,A,RB,100.0
thermal,1.9024E+15,2.63,T1,A,FT-5,100.0
epithermal,1.3256E+15,2.53,T1,A,FT-5,100.0
fast,1.1539E+15,2.51,T1,A,FT-5,100.0
fast_2,5.8527E+14,2.51,T1,A,FT-5,100.0
thermal,1.5988E+15,2.24,T1,B,FT-5,100.0
epithermal,1.058E+15,2.1,T1,B,FT-5,100.0
fast,9.2606E+14,2.06,T1,B,FT-5,100.0
fast_2,4.7128E+14,2.07,T1,B,FT-5,100.0
thermal,2.0888E+15,2.46,T2,A,FT-5,100.0
epithermal,1.4563E+15,2.31,T2,A,FT-5,100.0
fast,1.2676E+15,2.29,T2,A,FT-5,100.0
fast_2,6.4287E+14,2.29,T2,A,FT-5,100.0
thermal,2.5498E+15,15.12,T2,A,FT-5,100.0
epithermal,1.4411E+15,8.25,T2,A,FT-5,100.0
fast,1.2025E+15,12.91,T2,A,FT-5,100.0
fast_2,6.0299E+14,15.99,T2,A,FT-5,100.0
thermal,1.6663E+15,2.24,T2,B,FT-5,100.0
epithermal,1.1005E+15,2.1,T2,B,FT-5,100.0
fast,9.6297E+14,2.06,T2,B,FT-5,100.0
fast_2,4.8998E+14,2.06,T2,B,FT-5,100.0
thermal,1.8048E+15,6.23,T2,B,FT-5,100.0
epithermal,1.0493E+15,8.2,T2,B,FT-5,100.0
fast,8.9817E+14,12.75,T2,B,FT-5,100.0
fast_2,4.5852E+14,15.67,T2,B,FT-5,100.0
thermal,2.9504E+14,8.18,TRIST-ER-1-2,A,RB,85.0
epithermal,3.0962E+14,7.45,TRIST-ER-1-2,A,RB,85.0
fast,2.0291E+14,13.46,TRIST-ER-1-2,A,RB,85.0
fast_2,8.1287E+13,17.29,TRIST-ER-1-2,A,RB,85.0
thermal,3.2708E+14,6.48,TRIST-ER-1-2,A,RB,85.0
epithermal,2.6838E+14,7.63,TRIST-ER-1-2,A,RB,85.0
fast,1.6627E+14,13.21,TRIST-ER-1-2,A,RB,85.0
fast_2,7.0907E+13,16.79,TRIST-ER-1-2,A,RB,85.0
thermal,6.6956E+14,7.65,TRIST-ER-1-2,B,RB,85.0
epithermal,6.1261E+14,7.51,TRIST-ER-1-2,B,RB,85.0
fast,3.8735E+14,13.5,TRIST-ER-1-2,B,RB,85.0
fast_2,1.5309E+14,17.31,TRIST-ER-1-2,B,RB,85.0
thermal,7.0119E+14,6.55,TRIST-ER-1-2,B,RB,85.0
epithermal,5.5727E+14,7.63,TRIST-ER-1-2,B,RB,85.0
fast,3.3853E+14,13.33,TRIST-ER-1-2,B,RB,85.0
fast_2,1.4007E+14,16.99,TRIST-ER-1-2,B,RB,85.0
thermal,7.5333E+14,7.29,TRIST-ER-1-2,C,RB,85.0
epithermal,7.3137E+14,7.5,TRIST-ER-1-2,C,RB,85.0
fast,4.4224E+14,13.46,TRIST-ER-1-2,C,RB,85.0
fast_2,1.7749E+14,17.25,TRIST-ER-1-2,C,RB,85.0
thermal,7.8124E+14,6.52,TRIST-ER-1-2,C,RB,85.0
epithermal,6.7038E+14,7.61,TRIST-ER-1-2,C,RB,85.0
fast,3.9519E+14,13.31,TRIST-ER-1-2,C,RB,85.0
fast_2,1.6445E+14,16.97,TRIST-ER-1-2,C,RB,85.0
thermal,6.7587E+14,7.46,TRIST-ER-1-2,D,RB,85.0
epithermal,5.9086E+14,7.54,TRIST-ER-1-2,D,RB,85.0
fast,3.7321E+14,13.47,TRIST-ER-1-2,D,RB,85.0
fast_2,1.4957E+14,17.28,TRIST-ER-1-2,D,RB,85.0
thermal,7.0902E+14,6.57,TRIST-ER-1-2,D,RB,85.0
epithermal,5.3419E+14,7.65,TRIST-ER-1-2,D,RB,85.0
fast,3.2743E+14,13.29,TRIST-ER-1-2,D,RB,85.0
fast_2,1.3709E+14,16.93,TRIST-ER-1-2,D,RB,85.0
thermal,4.4406E+14,7.58,TRIST-ER-1-2,E,RB,85.0
epithermal,3.7893E+14,7.56,TRIST-ER-1-2,E,RB,85.0
fast,2.3733E+14,13.51,TRIST-ER-1-2,E,RB,85.0
fast_2,9.4174E+13,17.37,TRIST-ER-1-2,E,RB,85.0
thermal,4.7508E+14,6.47,TRIST-ER-1-2,E,RB,85.0
epithermal,3.4117E+14,7.69,TRIST-ER-1-2,E,RB,85.0
fast,2.0834E+14,13.35,TRIST-ER-1-2,E,RB,85.0
fast_2,8.6231E+13,17.01,TRIST-ER-1-2,E,RB,85.0
thermal,2.7751E+14,7.78,TRIST-ER-7-8,A,RB,85.0
epithermal,3.2557E+14,7.4,TRIST-ER-7-8,A,RB,85.0
fast,2.2264E+14,13.36,TRIST-ER-7-8,A,RB,85.0
fast_2,9.1045E+13,17.05,TRIST-ER-7-8,A,RB,85.0
thermal,3.0462E+14,6.53,TRIST-ER-7-8,A,RB,85.0
epithermal,2.6872E+14,7.6,TRIST-ER-7-8,A,RB,85.0
fast,1.714E+14,13.05,TRIST-ER-7-8,A,RB,85.0
fast_2,7.5814E+13,16.48,TRIST-ER-7-8,A,RB,85.0
thermal,6.792E+14,7.43,TRIST-ER-7-8,B,RB,85.0
epithermal,6.6891E+14,7.47,TRIST-ER-7-8,B,RB,85.0
fast,4.3234E+14,13.43,TRIST-ER-7-8,B,RB,85.0
fast_2,1.7277E+14,17.12,TRIST-ER-7-8,B,RB,85.0
thermal,7.0747E+14,6.55,TRIST-ER-7-8,B,RB,85.0
epithermal,5.9595E+14,7.6,TRIST-ER-7-8,B,RB,85.0
fast,3.681E+14,13.23,TRIST-ER-7-8,B,RB,85.0
fast_2,1.5521E+14,16.76,TRIST-ER-7-8,B,RB,85.0
thermal,8.5869E+14,7.32,TRIST-ER-7-8,C,RB,85.0
epithermal,7.9428E+14,7.5,TRIST-ER-7-8,C,RB,85.0
fast,5.0616E+14,13.39,TRIST-ER-7-8,C,RB,85.0
fast_2,2.0636E+14,17.1,TRIST-ER-7-8,C,RB,85.0
thermal,8.8978E+14,6.54,TRIST-ER-7-8,C,RB,85.0
epithermal,7.2502E+14,7.61,TRIST-ER-7-8,C,RB,85.0
fast,4.4936E+14,13.24,TRIST-ER-7-8,C,RB,85.0
fast_2,1.903E+14,16.82,TRIST-ER-7-8,C,RB,85.0
thermal,6.7907E+14,7.24,TRIST-ER-7-8,D,RB,85.0
epithermal,6.4727E+14,7.5,TRIST-ER-7-8,D,RB,85.0
fast,4.1453E+14,13.42,TRIST-ER-7-8,D,RB,85.0
fast_2,1.6672E+14,17.12,TRIST-ER-7-8,D,RB,85.0
thermal,7.0915E+14,6.54,TRIST-ER-7-8,D,RB,85.0
epithermal,5.7724E+14,7.62,TRIST-ER-7-8,D,RB,85.0
fast,3.5703E+14,13.21,TRIST-ER-7-8,D,RB,85.0
fast_2,1.5092E+14,16.72,TRIST-ER-7-8,D,RB,85.0
thermal,4.4125E+14,7.35,TRIST-ER-7-8,E,RB,85.0
epithermal,3.9501E+14,7.55,TRIST-ER-7-8,E,RB,85.0
fast,2.6432E+14,13.38,TRIST-ER-7-8,E,RB,85.0
fast_2,1.0821E+14,17.15,TRIST-ER-7-8,E,RB,85.0
thermal,4.687E+14,6.46,TRIST-ER-7-8,E,RB,85.0
epithermal,3.4945E+14,7.68,TRIST-ER-7-8,E,RB,85.0
fast,2.2567E+14,13.2,TRIST-ER-7-8,E,RB,85.0
fast_2,9.6983E+13,16.76,TRIST-ER-7-8,E,RB,85.0